PhysicianID,Name,DateOfJoining,Specialty,Designation,Experience
1,Dr. John Smith,2000-02-15,Cardiology,Senior Consultant,20
2,Dr. Emily Brown,2010-08-22,Neurology,Consultant,15
3,Dr. Robert Johnson,1998-05-10,Orthopedics,Senior Consultant,22
4,Dr. Sarah Davis,2012-12-01,Pediatrics,Consultant,10
5,Dr. Michael Wilson,2002-03-30,Surgeon,Senior Consultant,18
6,Dr. Jessica Taylor,2008-07-15,Gastroenterology,Consultant,12
7,Dr. William White,1996-09-05,Oncology,Senior Consultant,23
8,Dr. Linda Martinez,2015-11-20,Surgeon,Consultant,8
9,Dr. Kevin Miller,2001-01-25,Neurology,Senior Consultant,19
10,Dr. Patricia Lee,2011-06-12,Orthopedics,Consultant,11
11,Dr. Brian Anderson,2004-10-30,Surgeon,Senior Consultant,17
12,Dr. Karen Harris,2014-04-15,Dermatology,Consultant,9
13,Dr. Richard Clark,1995-11-05,Gastroenterology,Senior Consultant,25
14,Dr. Betty Young,2008-02-19,Oncology,Consultant,13
15,Dr. James King,2011-08-08,Cardiology,Senior Consultant,14
16,Dr. Sandra Scott,2013-03-21,Neurology,Consultant,10
17,Dr. Steven Green,2003-05-07,Orthopedics,Senior Consultant,18
18,Dr. Angela Hall,2016-09-30,Pediatrics,Consultant,6
19,Dr. Charles Walker,2000-07-14,Dermatology,Senior Consultant,20
20,Dr. Deborah Lewis,2012-01-02,Gastroenterology,Consultant,10
21,Dr. George Young,1997-06-23,Oncology,Senior Consultant,24
22,Dr. Mary Adams,2010-09-11,Cardiology,Consultant,11
23,Dr. Donald Baker,1999-12-05,Neurology,Senior Consultant,21
24,Dr. Margaret Perez,2013-04-18,Orthopedics,Consultant,9
25,Dr. Ronald Carter,1998-10-29,Pediatrics,Senior Consultant,18
26,Dr. Sandra Roberts,2012-07-13,Dermatology,Consultant,11
27,Dr. Kenneth Nelson,1999-11-25,Gastroenterology,Senior Consultant,19
28,Dr. Carol Carter,2011-05-09,Oncology,Consultant,10
29,Dr. Joseph Mitchell,1997-08-14,Cardiology,Senior Consultant,20
30,Dr. Karen Lewis,2018-06-06,Neurology,Consultant,7
31,Dr. Larry Robinson,1998-10-22,Orthopedics,Senior Consultant,25
32,Dr. Lisa Martinez,2017-12-05,Pediatrics,Consultant,8
33,Dr. Mark Clark,1996-08-09,Dermatology,Senior Consultant,22
34,Dr. Michelle Lewis,2019-07-21,Gastroenterology,Consultant,6
35,Dr. Paul Hall,1995-11-15,Oncology,Senior Consultant,26
36,Dr. Anna Walker,2013-09-17,Cardiology,Consultant,12
37,Dr. Joshua King,1997-11-28,Neurology,Senior Consultant,23
38,Dr. Barbara Allen,2015-03-16,Orthopedics,Consultant,10
39,Dr. Daniel Wright,2007-04-09,Pediatrics,Senior Consultant,16
40,Dr. Jennifer Roberts,2010-05-14,Dermatology,Head of Department,11
